# name	sha512	url
almanac-fabric-26.2-1.26.9.1.jar	40d660a1645baacbfc8639549344433f5e96eca9cdaa9e0b60db0059eedec36f45d79433667a05ed157845c8d64bad59779d97150df6cd311bc0113c3c7e1ab0	https://cdn.modrinth.com/data/Gi02250Z/versions/IRKkj8xt/almanac-fabric-26.2-1.26.9.1.jar
alternate-current-mc26.2-1.9.0.jar	319e99db7650ef315ba5b5aa7d1a0bafdaeb07b1d72bd4c14489f4eb450c76c648fe53e3f8a2643ef7e59a8291b3314ded8da7fc4c2468b4c762b8554414b14f	https://cdn.modrinth.com/data/r0v8vy1s/versions/blSBYnpw/alternate-current-mc26.2-1.9.0.jar
antixray-fabric-1.4.16+26.1.jar	213e65ee0584a6602118f9e6ef861d93fc09160c5b32b627d294b920a08d5cfc25a839f25bfb2a53bdf1adeb8d4fd58ca6743a3c993e87cf8b8e2b371ba2a9eb	https://cdn.modrinth.com/data/sml2FMaA/versions/AK313N9m/antixray-fabric-1.4.16%2B26.1.jar
architectury-fabric-21.1.11.jar	b4c74ce1c0bb47e8ba54cbdd9b24fe8cc7cfc2ed7194f1e451e369adb1f1ae9ac37afc4612124b9793cb5fd7705ebce5634caa80c2825bd23d3dba8eb0bcc53d	https://cdn.modrinth.com/data/lhGA9TYQ/versions/w3CUWoxd/architectury-fabric-21.1.11.jar
brainierbees-1.10.2.jar	3d67ec4fc99f69f24dc35781ce1b91299a4c50dfc8cb3e9087351e68565b89c53b1b096b30bd6f8f570fdfc1f32f5a5801069e6394c56bfecde4f42eaeb890c6	https://cdn.modrinth.com/data/O2WJc0f3/versions/PhbTNgPB/brainierbees-1.10.2.jar
c2me-fabric-mc26.2-0.4.2-alpha.0.56.jar	8d4c8ff211928ac1a9a7ce1d6dcad514791a6071827197f81343a7c2640bf1a5c6d34868ef044ed2b7eba07a68fd998fa46dd281047de3dc2f653b4233883b4c	https://cdn.modrinth.com/data/VSNURh3q/versions/JRbWYiJa/c2me-fabric-mc26.2-0.4.2-alpha.0.56.jar
Chunky-Fabric-1.5.3.jar	b83bfe7b218d0aa6232af977ae741dc1f82b10e50cd12bb759f65cf416b8b62beccb543e587ef0b9670abe03815660f8e091bc6823624d65cf07300571573516	https://cdn.modrinth.com/data/fALzjamp/versions/4Eotm6ov/Chunky-Fabric-1.5.3.jar
Clumps-fabric-26.2-26.2.1.jar	a57044f0c9a07b19cd38b85528fd6b3958600c3ed1568d8a7ce32a7a473570362861ef433be4f23b02a43c05d658e9a5a71f9218fbdb963ae76a1714a0439fbe	https://cdn.modrinth.com/data/Wnxd13zP/versions/dEMopoOJ/Clumps-fabric-26.2-26.2.1.jar
debugify-26.2.0.1.jar	83ab90cdabee7e9994a8ef80be9ede971a8508157f176a61b5e13b34cb38d68f8d3f245946822bffcd32c064257da59ced8a438ed5f681ec9721255b7f4f434d	https://cdn.modrinth.com/data/QwxR6Gcd/versions/p9lCmVmH/debugify-26.2.0.1.jar
disconnect-packet-fix-fabric-2.2.0.jar	c996bdefa9a91ea7869f39f764012b68232c5717993b776e8feeacb2a4c6930d894ff4dacdf4df3b2d8bd1f50e195eb53d69e8c86d0800a70da5bee9e0163048	https://cdn.modrinth.com/data/rd9rKuJT/versions/8bBHJTea/disconnect-packet-fix-fabric-2.2.0.jar
dynamiclights-v1.9.3-mc1.17-26.2.9-mod.jar	89bb5d380c5778dbca6d093a7dc82a280ab9c8142c801ccd04bbd6975ff6acf6110cef97b1641869f7bc6d963772f5689f00c90cea740d5420afed756f3caf2b	https://cdn.modrinth.com/data/7YjclEGc/versions/XAsq3xsq/dynamiclights-v1.9.3-mc1.17-26.2.9-mod.jar
fabric-api-0.161.0+26.2.jar	2502fa5ade78e9a120b3747bc1a9a2167d6671743bea45bf115d3174c94121aeda87c549446d1a604a9c11fb828de17a551e3514ce42f3e93069dd14bdaee55b	https://cdn.modrinth.com/data/P7dR8mSH/versions/ewUK83HI/fabric-api-0.161.0%2B26.2.jar
fabric-language-kotlin-1.14.1+kotlin.2.4.20.jar	91404f87774466ce8604aafea791d8cc97b603bc310dce17c8188f94f7783cca6dc14fc726ce871ca317bfe9033c199d8d858d51284106a00754e952147703b8	https://cdn.modrinth.com/data/Ha28R6CL/versions/eRRZzGMc/fabric-language-kotlin-1.14.1%2Bkotlin.2.4.20.jar
ferritecore-9.0.0-fabric.jar	d81fa97e11784c19d42f89c2f433831d007603dd7193cee45fa177e4a6a9c52b384b198586e04a0f7f63cd996fed713322578bde9a8db57e1188854ae5cbe584	https://cdn.modrinth.com/data/uXXizFIs/versions/d5ddUdiB/ferritecore-9.0.0-fabric.jar
ForgeConfigAPIPort-v26.2.1-mc26.2.x-Fabric.jar	948b8d83de61a11aad2fc0bb0744a8b4848c9b2f0663c9aa015389d9560b3fa78518e609c44ec90278de0e159a92ebd721ccbdebb453aa455c353e5cd19413bf	https://cdn.modrinth.com/data/ohNO6lps/versions/rSd3GiG8/ForgeConfigAPIPort-v26.2.1-mc26.2.x-Fabric.jar
getittogetherdrops-fabric-26.1.1-1.5.1.jar	9a3baea44ee6dfef6957027798f7aae672c3c18c54076c181b9bb3190c26fe09f1e54b3cd130f16290e770f3f64398a5d5dd7637043fe4aa012d049631d50d7f	https://cdn.modrinth.com/data/T0OUgf8P/versions/BOGqc3kp/getittogetherdrops-fabric-26.1.1-1.5.1.jar
imfast-FABRIC-26.2-1.0.3.jar	664606eb41dbf13385ec82545c30a7b118bd263393325c29a6a6eef6e0a390555c194e0c15df64c18d7f477344c423e518e67b481d5c9171fd5c7fb36795341b	https://cdn.modrinth.com/data/PaUMOeP0/versions/nD5sET2x/imfast-FABRIC-26.2-1.0.3.jar
immersive_optimization-fabric-26.2-0.2.0.jar	b9d0a94064b83423ad07573cff6d010d065e9e5d0a7f16126e0f1eea78a81cc5be6ccca1d18546a62542bdc06e9373152551bfde3d354d444b5a02a38464330d	https://cdn.modrinth.com/data/vNZgQmjg/versions/ULXQkJab/immersive_optimization-fabric-26.2-0.2.0.jar
krypton-0.3.1.jar	b8d9af34cd0050493afb8a6232cb8f785daa9d8887b7045f6e6a53c6bb9b5ffc4318fd9b0347a940eacfeba4773f10cb80ae0be1e79ce4c1888f96eda21e564e	https://cdn.modrinth.com/data/fQEb0iXm/versions/5WeL0Nkz/krypton-0.3.1.jar
Ksyxis-1.4.5.jar	36bb32947ba8dd6160b37bbcf02ae4d54c6c42583717908d646412092088de6e7bbf1db99e7a75738147cdc78e5b34494ab780f7ac7c3f160a70a4d1e8d8e82b	https://cdn.modrinth.com/data/2ecVyZ49/versions/9CU8nnVG/Ksyxis-1.4.5.jar
lazy-ai-1.7.0.jar	7cea360b07c7f25798361354347aac7bce82c9e9b48ffbfb5179c303f15ed86543d708da0d70dd6ec6edb0a7361066b704fbd0f3ae9c072e2bf35dd85fc4c53c	https://cdn.modrinth.com/data/qgWgCnzi/versions/jKkYzh8N/lazy-ai-1.7.0.jar
ledger-1.3.23.jar	d5df460ccb86f130fac83af9c6fec3ff3a36d071af01c7d2d49c5a9abc915938fc172782e2762d857f1a3e7f5b2c78c68f7e62dc416d6eed907570a176977763	https://cdn.modrinth.com/data/LVN9ygNV/versions/KpVLPOJk/ledger-1.3.23.jar
letmedespawn-fabric-26.2-1.26.9.1.jar	d0109a3ad466664e769cb5cd54006012ac04eff69f855e94d58f0218a1db303480de02ba6cb5d9d7bf9044d4a69a1283ca4e805825cecc1855571452b19f2eb6	https://cdn.modrinth.com/data/vE2FN5qn/versions/UgYCue3W/letmedespawn-fabric-26.2-1.26.9.1.jar
lithium-fabric-0.25.3+mc26.2.jar	148b638f3c6229fbaf487120a2344a0af5e411a5aa6533d5db9d75da0a8c0d8304f63eb4cca13f4d03b2c9b4c23d559dd74c1d832422ef8a3087bd005e62a8bd	https://cdn.modrinth.com/data/gvQqBUqZ/versions/f7vZ0VWU/lithium-fabric-0.25.3%2Bmc26.2.jar
logcleaner-1.0.0.jar	15fb0be504ba6ff727688fec8e4b654b23d69d515a600512b4549f604bb3ec4550fa17e9bf14a98f9d39de57f3441313e774027e892def2e87287601f16ab1fb	https://cdn.modrinth.com/data/hwRo6mwQ/versions/wrFyE1h4/logcleaner-1.0.0.jar
lomka-0.6.0-fabric+26.2.jar	8ba006a398fd0cafd856290a327b6827e4be978a200ddec0524535e44419e115a09a5bbce58df4cf33655aa7d9199c18c159819d8bc6b1c2e4a69990bfd75636	https://cdn.modrinth.com/data/bd9cFfiC/versions/ri25pJ0K/lomka-0.6.0-fabric%2B26.2.jar
LuckPerms-Fabric-5.5.85.jar	37de9e16272b6bbf82f422ddf012fa810d32c617c5621919157b662b4edfe956a870c5bc3ca4b05f32c90d7135f0ac2580ea16cd7c481c26a04778f639c3f89c	https://cdn.modrinth.com/data/Vebnzrzj/versions/DzQPkkXY/LuckPerms-Fabric-5.5.85.jar
modernfix-5.27.19-build.2.jar	75b1aecabdb13fb61969d730c328cfc102b1c50fa9620c60b8433d830a19b2d2bea32aca48ca4934b1be98f8a6fb5bde0039efd273b47bd05da40a87efce36ac	https://cdn.modrinth.com/data/TjSm1wrD/versions/50uUra83/modernfix-5.27.19-build.2.jar
noisium-fabric-2.8.5+mc26.2-pre-2.jar	c7ae72c6b3c5e30f767270a2930fe60dfe4cb7e656c612627eb477ff4225a43bbf71882fd837ece43e6ab2d8706933f701007b2fe534d330182786877b50fb79	https://cdn.modrinth.com/data/hasdd01q/versions/rWMnuBfv/noisium-fabric-2.8.5%2Bmc26.2-pre-2.jar
PacketFixer-fabric-3.3.6.jar	4d518d2c9f36a890caca55cc201b871b8f1b356064116e3e812c7d179f9554e9f2017f6bbd2db2e0fb61e3c1d410ab643f9e3ceecc0831ed171c67830795067a	https://cdn.modrinth.com/data/c7m1mi73/versions/V1pYl7hL/PacketFixer-fabric-3.3.6.jar
ScalableLux-fabric-0.3.0-alpha.0.3-all.jar	ea1551c8728a726f6ee82fed3040af52791943ef99f6b63428ed770797f60677e0160975ad59ad0f51bcd4a4ec2b5da39c6913ab2379f2e25d2397132d469a94	https://cdn.modrinth.com/data/Ps1zyz6x/versions/EKLUURiy/ScalableLux-fabric-0.3.0-alpha.0.3-all.jar
secret-spectator-1.1.1.jar	1acab8b7303e274c95c76cb5b0c7496ee9bd8066cac27faf0dc48ce59e5927da74693f209ff4b1165d0ddd384a5664464fff528f0d4871ed7ab5c4c7b3cb36c2	https://cdn.modrinth.com/data/g2k0pcmS/versions/86nOQWUG/secret-spectator-1.1.1.jar
servercore-fabric-1.5.19+26.2.jar	aa4cfc93f8e02172910302444330e37713dfcf2047d28e55eb7323a3cd5d51493374a0959aa3e626ec2bf43fc707a755508b83454bb34b6d57d65c069929074b	https://cdn.modrinth.com/data/4WWQxlQP/versions/edrtnY9v/servercore-fabric-1.5.19%2B26.2.jar
skinrestorer-2.11.0+26.1-fabric.jar	99765550112f89ccacce7e9999c4c6315783a779f3a94bbb227a95671458552984aacca2fb4ea57ef49a902b254d30502f3a7897d6e9d0fd488496d1a0d218d1	https://cdn.modrinth.com/data/ghrZDhGW/versions/rPmMM0mv/skinrestorer-2.11.0%2B26.1-fabric.jar
spark-1.10.187-fabric.jar	c74bf5d5a16b2445ec6ea717eac756412b272a8015e91f91a7bf5a27e6f2f99c4a11878d434510f941f37b0344b3a7d1ba0dd6c34e80642762c48fb6e9a93894	https://cdn.modrinth.com/data/l6YH9Als/versions/e3hsPc1o/spark-1.10.187-fabric.jar
styled-chat-2.13.0+26.2.jar	1d11214389acd0299a83803305b592da2782113b52ec0d228f91d5bc1205390333a6ccdcb6d72d3de455566c9d30ff34d922a2ca6d43816a10aed80a8ff7b4ff	https://cdn.modrinth.com/data/doqSKB0e/versions/A7ihc7ss/styled-chat-2.13.0%2B26.2.jar
styledplayerlist-3.12.0+26.2.jar	3e768c12a56a4fcd34bb5c22719e8b7f5581e19640de74af716b36d8feac23921be8120a6066b13efe620a4cb6135538357723d64062656321196596346d65ca	https://cdn.modrinth.com/data/DQIfKUHf/versions/dphV3ifd/styledplayerlist-3.12.0%2B26.2.jar
swingthroughgrass-fabric-26.2-1.1.0.jar	24ce99dd5ed61f40bc39c8d475513216f7d26eff550fa4a83ffa0197c7fdbc65b8533505f61f87e04df3a943125363cb2e460fe60326c4ed697e968d4718155a	https://cdn.modrinth.com/data/2UJdja33/versions/8RuhZHJL/swingthroughgrass-fabric-26.2-1.1.0.jar
tt20-0.8.5+mc26.1.1-fabric.jar	e42314dd32c0ec1e7d93744a9a0f9dabc0bdd1bec0fcaa2ebf878a3555c1226d613b21a87de103862b7846be410e8497565d897303525445cd03f604c62c80dc	https://cdn.modrinth.com/data/YS3ZignI/versions/dzGfhyWj/tt20-0.8.5%2Bmc26.1.1-fabric.jar
vmp-fabric-mc26.2-0.2.0+beta.7.236-all.jar	2e0fd87e66f35f00f634176d4072a6c6d1eee965d1817833709ad3ea73e4f2719fa152d5e95b5ab8216b064c7db124b7f13838ebea87d92f7a72df82839e9bd5	https://cdn.modrinth.com/data/wnEe9KBa/versions/d6FfpWFI/vmp-fabric-mc26.2-0.2.0%2Bbeta.7.236-all.jar
voxy-server-side-fabric.jar	1936e9341b94b294b978bdf5bc7cde536a37b04f7a08c3d5c5aa7ce0f8c9c8287b669cd7350eee1499332214221f63e786550a33ffdd78aaf611f8fffe094cdf	https://cdn.modrinth.com/data/84zcagOb/versions/oUpq4mJx/voxy-server-side-fabric.jar
zconfig-1.0.0+26.x.jar	baf87ac023fd0297f531897f0dcdcac3b0b35960683090adb3350a2281a211c5134a5373730a10628300caf5711b912705f16b33a1d1a73a3a86f346bcd7c6f5	https://cdn.modrinth.com/data/4qmvXRB9/versions/tsgt79sG/zconfig-1.0.0%2B26.x.jar
