"File","Status","Project","License","LicenseName","Redistribution","Web"
"almanac-fabric-26.2-1.26.9.1.jar","On Modrinth","Almanac","LGPL-3.0-only","GNU Lesser General Public License v3.0 only","Free license: redistribution allowed with conditions (attribution / license text)","https://modrinth.com/mod/almanac"
"alternate-current-mc26.2-1.9.0.jar","On Modrinth","Alternate Current","MIT","MIT License","Free license: redistribution allowed with conditions (attribution / license text)","https://modrinth.com/mod/alternate-current"
"antixray-fabric-1.4.16+26.1.jar","On Modrinth","AntiXray","MIT","MIT License","Free license: redistribution allowed with conditions (attribution / license text)","https://modrinth.com/mod/anti-xray"
"architectury-fabric-21.1.11.jar","On Modrinth","Architectury API","LGPL-3.0-only","GNU Lesser General Public License v3.0 only","Free license: redistribution allowed with conditions (attribution / license text)","https://modrinth.com/mod/architectury-api"
"brainierbees-1.10.2.jar","On Modrinth","Brainier Bees","MIT","MIT License","Free license: redistribution allowed with conditions (attribution / license text)","https://modrinth.com/mod/brainier-bees"
"c2me-fabric-mc26.2-0.4.2-alpha.0.56.jar","On Modrinth","Concurrent Chunk Management Engine (Fabric)","MIT","MIT License","Free license: redistribution allowed with conditions (attribution / license text)","https://modrinth.com/mod/c2me-fabric"
"Chunky-Fabric-1.5.3.jar","On Modrinth","Chunky","GPL-3.0-only","GNU General Public License v3.0 only","Free license: redistribution allowed with conditions (attribution / license text)","https://modrinth.com/mod/chunky"
"Clumps-fabric-26.2-26.2.1.jar","On Modrinth","Clumps","MIT","MIT License","Free license: redistribution allowed with conditions (attribution / license text)","https://modrinth.com/mod/clumps"
"debugify-26.2.0.1.jar","On Modrinth","Debugify","LGPL-3.0-only","GNU Lesser General Public License v3.0 only","Free license: redistribution allowed with conditions (attribution / license text)","https://modrinth.com/mod/debugify"
"disconnect-packet-fix-fabric-2.2.0.jar","On Modrinth","Disconnect Packet Fix","MIT","MIT License","Free license: redistribution allowed with conditions (attribution / license text)","https://modrinth.com/mod/disconnect-packet-fix"
"dynamiclights-v1.9.3-mc1.17-26.2.9-mod.jar","On Modrinth","Dynamic Lights","LicenseRef-Custom-License","","REVIEW: custom, reserved or unknown license -> download from the source","https://modrinth.com/mod/dynamic-lights"
"fabric-api-0.161.0+26.2.jar","On Modrinth","Fabric API","Apache-2.0","Apache License 2.0","Free license: redistribution allowed with conditions (attribution / license text)","https://modrinth.com/mod/fabric-api"
"fabric-language-kotlin-1.14.1+kotlin.2.4.20.jar","On Modrinth","Fabric Language Kotlin","Apache-2.0","Apache License 2.0","Free license: redistribution allowed with conditions (attribution / license text)","https://modrinth.com/mod/fabric-language-kotlin"
"ferritecore-9.0.0-fabric.jar","On Modrinth","FerriteCore","MIT","MIT License","Free license: redistribution allowed with conditions (attribution / license text)","https://modrinth.com/mod/ferrite-core"
"ForgeConfigAPIPort-v26.2.1-mc26.2.x-Fabric.jar","On Modrinth","Forge Config API Port","MPL-2.0","Mozilla Public License 2.0","Free license: redistribution allowed with conditions (attribution / license text)","https://modrinth.com/mod/forge-config-api-port"
"getittogetherdrops-fabric-26.1.1-1.5.1.jar","On Modrinth","Get It Together, Drops!","MIT","MIT License","Free license: redistribution allowed with conditions (attribution / license text)","https://modrinth.com/mod/get-it-together-drops"
"imfast-FABRIC-26.2-1.0.3.jar","On Modrinth","I'm Fast","MIT","MIT License","Free license: redistribution allowed with conditions (attribution / license text)","https://modrinth.com/mod/im-fast"
"immersive_optimization-fabric-26.2-0.2.0.jar","On Modrinth","Immersive Optimization","GPL-3.0-or-later","GNU General Public License v3.0 or later","Free license: redistribution allowed with conditions (attribution / license text)","https://modrinth.com/mod/immersive-optimization"
"krypton-0.3.1.jar","On Modrinth","Krypton","LGPL-3.0-only","GNU Lesser General Public License v3.0 only","Free license: redistribution allowed with conditions (attribution / license text)","https://modrinth.com/mod/krypton"
"Ksyxis-1.4.5.jar","On Modrinth","Ksyxis","MIT","MIT License","Free license: redistribution allowed with conditions (attribution / license text)","https://modrinth.com/mod/ksyxis"
"lazy-ai-1.7.0.jar","On Modrinth","LazyAI","GPL-3.0-only","GNU General Public License v3.0 only","Free license: redistribution allowed with conditions (attribution / license text)","https://modrinth.com/mod/lazyai"
"ledger-1.3.23.jar","On Modrinth","Ledger","LGPL-3.0-only","GNU Lesser General Public License v3.0 only","Free license: redistribution allowed with conditions (attribution / license text)","https://modrinth.com/mod/ledger"
"letmedespawn-fabric-26.2-1.26.9.1.jar","On Modrinth","Let Me Despawn","LGPL-3.0-only","GNU Lesser General Public License v3.0 only","Free license: redistribution allowed with conditions (attribution / license text)","https://modrinth.com/mod/lmd"
"lithium-fabric-0.25.3+mc26.2.jar","On Modrinth","Lithium","LGPL-3.0-only","GNU Lesser General Public License v3.0 only","Free license: redistribution allowed with conditions (attribution / license text)","https://modrinth.com/mod/lithium"
"logcleaner-1.0.0.jar","On Modrinth","Log Cleaner","GPL-3.0-only","GNU General Public License v3.0 only","Free license: redistribution allowed with conditions (attribution / license text)","https://modrinth.com/mod/log-cleaner"
"lomka-0.6.0-fabric+26.2.jar","On Modrinth","Lomka","LGPL-3.0-only","GNU Lesser General Public License v3.0 only","Free license: redistribution allowed with conditions (attribution / license text)","https://modrinth.com/mod/lomka"
"LuckPerms-Fabric-5.5.85.jar","On Modrinth","LuckPerms","MIT","MIT License","Free license: redistribution allowed with conditions (attribution / license text)","https://modrinth.com/mod/luckperms"
"modernfix-5.27.19-build.2.jar","On Modrinth","ModernFix-mVUS","LGPL-3.0-only","GNU Lesser General Public License v3.0 only","Free license: redistribution allowed with conditions (attribution / license text)","https://modrinth.com/mod/modernfix-mvus"
"noisium-fabric-2.8.5+mc26.2-pre-2.jar","On Modrinth","NoisiumForked","LGPL-3.0-only","GNU Lesser General Public License v3.0 only","Free license: redistribution allowed with conditions (attribution / license text)","https://modrinth.com/mod/noisiumforked"
"PacketFixer-fabric-3.3.6.jar","On Modrinth","Packet Fixer","MIT","MIT License","Free license: redistribution allowed with conditions (attribution / license text)","https://modrinth.com/mod/packet-fixer"
"ScalableLux-fabric-0.3.0-alpha.0.3-all.jar","On Modrinth","ScalableLux","LGPL-3.0-only","GNU Lesser General Public License v3.0 only","Free license: redistribution allowed with conditions (attribution / license text)","https://modrinth.com/mod/scalablelux"
"servercore-fabric-1.5.19+26.2.jar","On Modrinth","ServerCore","MIT","MIT License","Free license: redistribution allowed with conditions (attribution / license text)","https://modrinth.com/mod/servercore"
"skinrestorer-2.11.0+26.1-fabric.jar","On Modrinth","Skin Restorer","MIT","MIT License","Free license: redistribution allowed with conditions (attribution / license text)","https://modrinth.com/mod/skinrestorer"
"spark-1.10.187-fabric.jar","On Modrinth","spark","GPL-3.0-only","GNU General Public License v3.0 only","Free license: redistribution allowed with conditions (attribution / license text)","https://modrinth.com/mod/spark"
"styled-chat-2.13.0+26.2.jar","On Modrinth","Styled Chat","LGPL-3.0-only","GNU Lesser General Public License v3.0 only","Free license: redistribution allowed with conditions (attribution / license text)","https://modrinth.com/mod/styled-chat"
"styledplayerlist-3.12.0+26.2.jar","On Modrinth","Styled Player List","LGPL-3.0-only","GNU Lesser General Public License v3.0 only","Free license: redistribution allowed with conditions (attribution / license text)","https://modrinth.com/mod/styledplayerlist"
"swingthroughgrass-fabric-26.2-1.1.0.jar","On Modrinth","Swing Through Grass","MIT","MIT License","Free license: redistribution allowed with conditions (attribution / license text)","https://modrinth.com/mod/swing-through-grass"
"tt20-0.8.5+mc26.1.1-fabric.jar","On Modrinth","TT20 (TPS Fixer)","LicenseRef-PolyForm-Shield-1.0.0","","REVIEW: custom, reserved or unknown license -> download from the source","https://modrinth.com/mod/tt20"
"vmp-fabric-mc26.2-0.2.0+beta.7.236-all.jar","On Modrinth","Very Many Players (Fabric)","MIT","MIT License","Free license: redistribution allowed with conditions (attribution / license text)","https://modrinth.com/mod/vmp-fabric"
"voxy-server-side-fabric.jar","On Modrinth","Voxy Server Side","MIT","MIT License","Free license: redistribution allowed with conditions (attribution / license text)","https://modrinth.com/mod/voxy-server-side"
"zconfig-1.0.0+26.x.jar","On Modrinth","ZConfig","MPL-2.0","Mozilla Public License 2.0","Free license: redistribution allowed with conditions (attribution / license text)","https://modrinth.com/mod/zconfig"
